Calories,Proteins,Fat,Carbohydrate,Name
0.0,0.0,0.2,0.0,Agar-agar
45.0,1.1,0.4,10.8,Akar tonjong segar
37.0,4.4,0.5,3.8,Aletoge segar
85.0,0.9,6.5,7.7,Alpukat segar
96.0,3.7,0.6,19.1,Ampas kacang hijau
75.0,4.1,2.1,10.7,Ampas tahu kukus
67.0,5.0,2.1,8.1,Ampas tahu mentah
184.0,18.8,14.0,0.0,Anak sapi daging gemuk segar
174.0,19.6,10.0,0.0,Anak sapi daging kurus segar
190.0,19.1,12.0,0.0,Anak sapi daging sedang segar
99.0,4.6,1.0,18.0,Andaliman segar
25.0,1.6,0.2,5.3,Andewi
30.0,0.5,0.2,6.8,Anggur hutan segar
126.0,3.4,7.9,10.3,Anyang sayur
58.0,0.3,0.4,14.9,Apel
57.0,0.5,0.4,12.8,Apel malang segar
37.0,0.8,0.5,8.3,Arbei
113.0,0.9,7.2,11.2,Ares sayur
102.0,1.0,0.2,24.1,Arrowroot segar
75.0,0.2,1.1,16.1,Asam kandis segar
239.0,2.8,0.6,62.5,Asam masak di pohon
135.0,0.8,0.4,32.1,Asam payak segar
261.0,0.9,1.6,63.3,Asan kandis kering
98.0,3.9,2.6,14.8,Asinan Bogor sayuran
270.0,32.3,11.2,9.9,Ayam ampela goreng
75.0,13.8,1.9,0.7,Ayam dideh/darah segar
295.0,34.0,16.0,1.5,Ayam goreng church texa sayap
298.0,34.2,16.8,0.1,Ayam goreng kentucky dada
286.0,32.1,16.1,1.1,Ayam goreng Kentucky paha
287.0,31.0,15.7,1.7,Ayam goreng paha
245.0,33.1,11.4,0.3,Ayam goreng pasundan paha
261.0,27.4,16.1,1.6,Ayam hati segar
113.0,17.6,4.2,0.0,Babat
110.0,16.3,4.6,0.8,Babi ginjal segar
129.0,19.7,4.8,1.7,Babi hati segar
491.0,24.6,16.3,0.2,Babi hutan masak rica masakan
102.9,3.3,2.7,16.3,Bacang
450.0,3.2,13.9,78.1,Bagea kelapa asin
452.0,1.3,13.8,80.6,Bagea kelapa manis
416.0,6.5,9.4,76.3,Bagea kw 1
382.0,0.3,3.5,87.2,Bagea kw 2
129.0,1.9,6.6,15.6,Baje
272.0,8.7,6.7,44.1,Bakpia kue
76.0,4.1,2.5,9.2,Bakso 
27.0,2.0,0.2,4.2,Bakung segar
280.0,8.2,10.2,39.0,Bakwan
13.0,0.4,0.2,3.0,Baligo
190.0,3.3,0.3,43.5,Bantal
159.0,3.1,5.8,23.5,Barongko
137.0,4.3,4.8,19.1,Batang Tading
107.0,2.2,2.2,19.6,Batar daan
76.0,1.1,0.9,16.0,Batatas gembili segar
110.0,1.4,1.1,23.4,Batatas kelapa ubi bakar
92.0,1.2,0.3,21.0,Batatas kelapa ubi kukus
89.0,1.1,0.1,21.0,Batatas kelapa ubi segar
182.0,2.4,0.4,42.2,Batatas tali ubi rebus
45.0,1.4,0.2,10.3,Bawang Bombay
39.0,1.5,0.3,0.2,Bawang Merah
95.0,4.5,0.2,23.1,Bawang Putih
30.0,1.3,0.7,5.8,Bayam kukus
51.0,4.6,0.5,10.0,Bayam Merah
41.0,2.2,0.8,6.3,Bayam merah segar
23.0,1.2,0.6,3.7,Bayam rebus
36.0,3.5,0.5,6.5,Bayam segar
102.0,3.7,6.7,6.9,Bayam tumis + oncom
48.0,1.4,4.2,2.6,Bayam tumis bersantan
65.0,1.1,5.2,3.5,Beberuk
258.0,10.6,9.5,32.5,Beef burger
151.0,8.6,3.1,22.3,Beef teriyaki masakan
132.0,9.8,1.1,20.7,Beef yakiniku masakan
116.0,11.9,4.9,6.1,Bekasam
78.0,11.4,2.0,3.6,Bekasang
131.0,20.2,4.3,2.8,Belibis daging segar
36.0,0.4,0.4,8.8,Belimbing
145.0,1.2,0.4,34.2,Belitung talas kukus
70.0,14.6,0.8,1.0,Belut segar
93.0,12.8,1.5,6.1,Belutlaut segar
55.0,1.4,0.2,12.8,Bengkuang
98.0,1.6,0.7,20.9,Bentul (Komba)  talas segar
71.0,2.3,0.3,15.4,Bentul talas kukus
350.0,2.7,1.1,82.3,Beras Cerdas
364.0,3.4,0.7,86.3,Beras ganyong
360.0,6.8,0.7,78.9,Beras Giling
178.0,2.1,0.1,40.6,Beras Giling masak (nasi) 
357.0,8.4,1.7,77.1,Beras giling mentah
369.0,9.5,1.4,77.1,Beras giling var pelita mentah
357.0,8.4,1.7,77.1,Beras giling var rojolele mentah
351.0,8.0,1.3,76.9,Beras hitam mentah
358.0,5.5,0.1,82.7,Beras jagung kuning kering mentah
307.0,4.8,0.1,71.8,Beras jagung putih kering mentah
356.0,7.0,0.7,78.0,Beras Ketan Hitam
181.0,4.0,1.2,37.3,Beras Ketan Hitam kukus
166.0,3.8,1.0,34.4,Beras Ketan Hitam tape
360.0,8.0,2.3,74.5,Beras Ketan Hitam tumbuk
360.0,8.0,2.3,74.5,Beras ketan hitam tumbuk mentah
362.0,6.7,0.7,79.4,Beras Ketan Putih
163.0,3.0,0.4,35.7,Beras Ketan Putih kukus
172.0,3.0,0.5,37.5,Beras Ketan Putih tape
361.0,7.4,0.8,78.4,Beras Ketan Putih tumbuk
361.0,7.4,0.8,78.4,Beras ketan putih tumbuk mentah
376.0,7.5,3.8,78.0,Beras ladang mentah
339.0,7.7,4.4,73.0,Beras Menir
362.0,7.7,4.4,73.0,Beras menir mentah
359.0,7.5,0.9,77.6,Beras Merah tumbuk
364.0,6.8,0.6,80.1,Beras Parboiled
353.0,6.8,0.6,80.0,Beras parboiled
335.0,7.4,1.9,76.2,Beras Pecah Kulit
363.0,7.6,1.1,78.3,Beras Setengah Giling
344.0,1.1,0.2,28.3,Beras Siger
354.0,7.8,0.4,79.9,Beras tumbuk mentah
352.0,7.3,0.9,76.2,Beras tumbuk merah mentah
145.0,16.3,7.0,4.1,Betok wadi masakan
360.0,4.7,0.1,82.1,Bihun
154.0,3.0,4.5,25.5,Bihun Goreng 
381.0,6.1,3.9,80.3,Bihun goreng instan
354.0,0.5,0.3,87.4,Bihun Jagung mentah
348.0,4.7,0.1,82.1,Bihun mentah
262.0,2.3,5.4,51.1,Biji nangka/Biji salak
199.0,2.1,1.5,44.4,Bika ambon
225.7,3.0,0.3,52.9,Bika Ambon 
48.0,0.6,0.0,4.4,Bir (4% alkohol)
458.0,6.9,14.4,75.1,Biskuit
42.0,1.6,0.1,9.6,Bit
51.0,0.3,0.1,12.1,Biwah segar
43.0,2.6,0.0,11.6,Bonggol Pisang
245.0,3.4,0.0,66.2,Bonggol Pisang kering
119.0,4.4,3.5,18.3,Bongkrek (tempe bungkil)
23.0,1.0,0.8,7.2,Boros Kunci
22.0,1.0,0.3,4.7,Boros Laja (lengkuas)
186.0,11.7,9.7,13.0,Botok lamtoro
249.0,3.4,0.4,58.0,Brem
141.0,15.3,3.3,12.6,Brongkos
23.0,0.8,0.2,5.2,Buah Atung
110.0,1.4,2.1,21.4,Buah kelenting segar
38.0,1.5,0.2,7.5,Buah kelor
264.0,4.0,1.1,59.6,Buah kom segar
39.0,0.7,0.2,9.7,Buah Mentega (bisbul)
87.0,2.6,2.7,13.1,Buah merah
71.0,1.7,3.1,9.1,Buah Naga Merah segar
56.0,0.8,1.0,10.9,Buah Naga Putih segar
55.0,1.2,0.1,12.2,Buah negri segar
101.0,1.7,0.6,25.2,Buah Nona
78.0,0.6,0.3,18.2,Buah rotan segar
113.0,0.8,0.3,26.8,Buah rukam segar
29.0,2.1,0.7,3.6,Buah ruruhi segar
67.0,0.4,0.2,15.9,Buah tuppa segar
167.0,0.2,4.0,33.0,Bubur sagu
156.0,2.3,0.2,15.6,Bubur tinotuan (Manado)
72.0,11.4,4.9,1.4,Bulgogi masakan
212.0,16.9,0.2,47.6,Bulung Jajan
237.0,14.7,0.2,56.0,Bulung Sangu
35.0,2.4,0.2,7.7,Buncis
60.0,5.1,0.5,8.5,Buncis asam
30.0,2.2,0.2,6.4,Buncis rebus
45.0,2.6,0.3,8.1,Bunga pepaya segar
42.0,2.0,1.1,6.1,Bunga turi segar
333.0,29.3,3.3,50.0,Bungkil Biji Karet
368.0,23.0,15.0,40.0,Bungkil Kelapa
106.0,4.4,6.3,7.9,Buntil 
141.0,4.4,10.2,8.0,Buntil daun talas
125.7,3.3,1.9,23.9,Buras 
38.0,1.6,0.8,6.3,Cabai gembor merah segar
26.0,0.7,0.3,5.2,Cabai hijau segar
367.0,15.9,6.2,61.8,Cabai merah kering
36.0,1.0,0.3,7.3,Cabai merah segar
120.0,4.7,2.4,19.9,Cabai rawit segar
20.0,1.7,0.4,3.4,Caisin segar
155.0,20.1,3.8,10.2,Cakalang asar (asap papua)
323.0,4.9,11.5,50.1,Cake tape
102.0,3.2,6.0,8.7,Cammetutu
366.0,11.0,3.3,73.0,Cantel mentah
97.0,5.8,6.3,4.2,Cap cai sayur
24.0,1.9,0.2,3.7,Carica papaya segar
116.0,3.0,0.4,28.6,Cempedak
330.0,5.2,8.9,57.4,Cengkeh kering
332.0,11.0,3.3,73.0,Centel
168.0,13.0,9.6,7.5,Chicken teriyaki masakan
143.0,9.8,1.4,22.8,Chikiniku masakan
311.0,8.0,4.0,48.9,Coklat bubuk
210.0,1.6,6.6,35.8,Combro 
96.0,6.8,5.9,3.8,Coto mangkasara kuda masakan
84.0,6.0,6.0,1.4,Coto mangkasara sapi masakan
145.0,27.0,2.3,0.0,Cue Selar Kuning
12.0,0.1,0.1,5.0,Cuka
75.0,16.1,0.7,0.1,Cumi-cumi segar
190.0,19.1,12.0,0.0,Daging Anak Sapi
191.0,32.0,6.0,0.0,Daging Asap
206.0,17.1,14.8,0.0,Daging Domba
154.0,16.6,9.2,0.0,Daging Kambing
84.0,18.7,0.5,0.0,Daging Kerbau
118.0,18.1,4.1,0.9,Daging Kuda
207.0,18.8,14.0,0.0,Daging Sapi
27.0,1.3,0.6,4.0,Daun bangun-bangun segar
29.0,1.8,0.7,5.2,Daun Bawang
41.0,2.0,0.3,7.8,Daun bawang  merah segar
41.0,2.7,1.0,7.3,Daun bebuas segar
50.0,4.4,1.4,7.8,Daun belem segar
42.0,1.8,0.5,9.4,Daun Beluntas
122.0,6.0,1.0,26.0,Daun Cincau
60.0,3.1,0.3,14.0,Daun Gandaria
58.0,2.9,0.7,10.0,Daun gedi besar segar
30.0,1.3,0.7,5.8,Daun gelang segar
50.0,4.6,0.9,7.0,Daun gunda bali segar
62.0,4.2,0.9,9.2,Daun gunda serang segar
73.0,4.6,0.5,16.2,Daun Jambu Mete muda
34.0,3.8,0.5,5.3,Daun jampang segar
93.0,5.0,1.3,15.3,Daun jawaw seluang segar
27.0,2.1,0.7,4.4,Daun jonghe segar
36.0,2.9,0.6,6.8,Daun kacang ma segar
34.0,4.1,0.4,5.8,Daun Kacang Panjang
40.0,3.7,0.3,8.0,Daun Kacang Panjang kukus
30.0,3.1,0.3,5.8,Daun kacang panjang segar
92.0,4.0,3.6,10.9,Daun kasbi/singkong karet segar
59.0,4.8,1.0,11.0,Daun Katuk
53.0,5.3,0.9,9.1,Daun katuk rebus
59.0,6.4,1.0,9.9,Daun katuk segar
47.0,5.0,0.5,8.5,Daun Kecipir
59.0,2.8,0.3,13.4,Daun Kedondong
82.0,6.7,1.7,14.3,Daun Kelor
61.0,6.1,0.9,10.0,Daun Kelor rebus
46.0,4.0,0.5,8.9,Daun Kemangi
45.0,3.7,0.5,6.6,Daun kenikir segar
48.0,4.5,0.8,9.1,Daun kesum segar
22.0,2.1,0.5,3.6,Daun kol sawi segar
23.0,3.0,0.3,3.7,Daun Koro
51.0,2.5,1.1,8.0,Daun kubis segar
14.0,1.3,0.3,2.3,Daun Kumak
60.0,4.0,0.4,4.7,Daun Labu Siam
30.0,3.6,0.6,4.5,Daun Labu Waluh
87.0,8.3,1.8,14.4,Daun lamtoro segar
76.0,2.8,0.2,15.8,Daun leilem segar
45.0,4.7,0.5,8.1,Daun Leunca
30.0,2.3,0.4,5.8,Daun Lobak
40.0,3.0,0.8,7.4,Daun Lompong Tales
54.0,3.7,0.3,11.8,Daun Mangkokan
71.0,6.8,1.6,11.5,Daun matel ambon segar
99.0,5.0,1.3,21.3,Daun Melinjo
63.0,3.8,1.5,11.5,Daun Mengkudu Kukus
166.0,1.7,0.5,38.8,Daun ndusuk segar
22.0,1.0,0.1,5.3,Daun Oyong
22.0,1.0,0.1,5.3,Daun oyong segar
35.0,4.0,0.3,6.4,Daun Pakis
54.0,2.2,3.6,3.1,Daun pakis longgiho segar
39.0,4.5,0.4,6.9,Daun pakis segar
53.0,3.4,1.2,7.2,Daun pakis wambateu segar
29.0,3.4,0.1,6.5,Daun paku segar
104.0,3.9,0.6,17.9,Daun pangisegar
49.0,2.7,1.0,8.4,Daun pare segar
87.0,8.0,2.0,11.9,Daun pepaya segar
128.0,12.0,6.5,12.4,Daun Pete Cina
37.0,2.5,0.8,6.9,Daun Poh-pohan
301.0,14.2,10.9,49.0,Daun salam  bubuk
62.0,4.0,0.5,10.5,Daun selasih segar
45.0,4.4,8.0,0.5,Daun Semanggi
45.0,4.4,0.5,8.5,Daun semanggi segar
53.0,3.2,2.5,7.6,Daun simpur segar
68.0,2.0,1.0,15.2,Daun singkil segar
73.0,6.8,1.2,13.0,Daun Singkong
144.0,12.7,1.2,25.2,Daun singkong ambon segar
50.0,6.2,1.1,7.1,Daun singkong ampenan segar
74.0,6.3,0.7,10.7,Daun singkong kopang segar
55.0,4.0,0.5,8.5,Daun Singkong lodeh
31.0,3.7,0.6,4.8,Daun Singkong rebus
50.0,6.2,1.1,7.1,Daun singkong segar
36.0,2.6,0.9,6.1,Daun Sintrong
27.0,1.3,0.2,5.9,Daun talas rebus
59.0,3.0,0.4,13.5,Daun talas segar
71.0,4.1,2.1,12.3,Daun Tales
27.0,1.3,0.2,5.9,Daun Tales rebus
70.0,2.9,0.3,13.9,Daun tespong segar
47.0,2.8,0.4,10.4,Daun Ubi Jalar
56.0,3.1,0.3,13.0,Daun Ubi Jalar kukus
62.0,3.7,0.3,11.1,Daun ubi kuning segar
56.0,3.1,0.3,13.0,Daun ubi merah kukus
48.0,3.0,0.3,10.8,Daun ubi merah segar
46.0,2.8,0.2,8.2,Daun ubi putih segar
55.0,1.7,0.1,11.9,Daun ubi tinta segar
260.0,2.0,15.0,53.0,Deblo 
77.0,13.8,1.9,0.7,Dideh darah ayam
104.0,21.9,1.1,0.0,Dideh darah sapi
248.0,10.0,2.3,40.9,Djibokum masakan
395.0,3.0,5.7,81.2,Dodol
298.0,3.7,2.1,65.9,Dodol bali
368.0,2.6,8.6,70.0,Dodol banjarmasin
348.0,0.4,3.8,76.1,Dodol galamai
331.0,1.9,7.6,63.8,Dodol kedondong
373.0,4.3,16.5,51.9,Dodol manado
17.5,3.3,2.3,39.5,Dodonkol 
202.0,17.1,14.8,0.0,Domba daging kurus  segar
100.0,16.6,3.3,1.0,Domba ginjal segar
63.0,1.0,0.2,16.1,Duku
134.0,2.5,3.0,28.0,Durian
80.0,0.5,0.6,18.2,Duwet segar
18.0,1.0,0.2,3.8,Eceng Gondok
98.0,1.4,0.2,25.4,Embacang
345.0,12.0,1.5,71.5,Emping (kerupuk melinjo)
403.0,10.6,2.2,85.3,Emping beras
355.0,17.8,4.6,60.7,Emping komak
122.0,3.5,4.5,17.5,Encung asam segar
70.0,0.6,0.0,18.9,Erbis
210.0,4.0,12.5,20.6,Es krim
156.7,3.0,1.7,32.7,Es Krim (Coconut milk) 
152.0,0.0,0.0,37.6,Es Mambo 
44.8,0.0,0.0,11.3,Es Sirup 
270.0,12.3,15.9,19.3,Fillet o-fish
322.0,2.4,0.6,76.6,Gadeng/Gadung kering
137.0,6.1,3.2,21.0,Gado-gado
88.0,0.8,0.3,20.9,Gadung kukus
101.0,2.1,0.2,23.2,Gadung mentah
88.0,0.6,0.3,20.9,Gadung ubi kukus
100.0,0.9,0.3,23.5,Gadung ubi segar
18.0,0.8,0.2,4.1,Gambas (Oyong)
13.0,0.3,0.6,1.6,Gambas lodeh
68.0,0.7,0.1,18.0,Gandaria
100.0,0.8,0.2,23.8,Ganyong kukus
95.0,1.0,0.1,22.6,Ganyong mentah
100.0,0.8,0.2,23.8,Ganyong rebus
77.0,0.6,0.2,18.4,Ganyong segar
338.0,1.5,0.7,81.3,Gaplek
191.0,4.5,1.5,39.7,Gatep segar
347.0,1.3,0.7,83.8,Gatot
195.0,0.4,1.7,44.4,Geblek
95.0,1.5,0.1,22.4,Gembili
131.0,1.1,0.2,31.3,Gembili ubi segar
274.0,1.7,5.4,55.5,Gemblong
35.0,1.7,0.2,7.7,Genjer segar
350.0,1.4,14.4,53.6,Geplak
75.0,8.2,2.0,6.0,Gete kuah asam masakan
360.0,1.3,6.4,74.3,Getuk goreng
171.4,4.0,4.0,32.0,Getuk Lindri 
144.0,1.1,0.4,34.1,Getuk pisang
204.0,0.5,1.4,47.4,Getuk singkong
114.0,16.3,4.6,0.8,Ginjal Babi
105.0,16.6,3.3,1.0,Ginjal Domba
141.0,15.0,8.1,0.9,Ginjal Sapi
53.0,1.6,1.6,8.8,Gudeg 
160.0,3.3,9.2,16.0,Gudeg sayur
386.0,3.0,10.0,76.0,Gula Kelapa
52.0,10.0,0.5,1.8,Gulai asam keueung masakan
106.0,16.5,3.3,2.5,Gulai ikan masakan
148.0,10.0,9.8,5.0,Gulai ikan paya masakan
126.0,4.2,9.4,6.2,Gulai kambing
110.0,5.9,8.2,3.2,Gulai keumamah masakan
143.0,4.0,11.4,6.0,Gulai pakis
176.0,7.3,14.9,3.2,Gulai pliek
132.0,9.0,7.2,7.8,Gulai tiram masakan
192.0,12.7,10.1,12.7,Gurame asem manis masakan
218.0,0.5,2.5,48.5,Gurandil
65.0,10.0,1.0,3.5,Hangop
134.0,19.7,4.8,1.7,Hati Babi
136.0,19.7,3.2,6.0,Hati Sapi
390.0,14.2,7.4,68.2,Havermout
127.0,1.2,0.5,29.5,Hofa/Ubi hutan segar
146.0,17.7,5.9,5.6,Ikan asar merah masakan
198.0,19.0,13.0,0.0,Ikan Bader (Tawes)
107.0,16.5,3.9,1.5,Ikan balong segar
112.0,20.0,1.3,3.7,Ikan bambangan segar
129.0,20.0,4.8,0.0,Ikan Bandeng
111.0,19.4,0.9,4.8,Ikan banjar segar
78.0,14.5,0.6,3.7,Ikan baronang segar
144.0,17.8,5.8,5.2,Ikan baung bakar
123.0,15.1,5.5,3.3,Ikan baung segar
96.0,19.0,1.7,0.0,Ikan Bawal
138.0,14.0,0.7,7.4,Ikan Bekasang
128.0,18.0,3.0,7.2,Ikan Belida bakar
80.0,14.7,1.4,2.2,Ikan Belida segar
82.0,6.7,1.0,10.9,Ikan Belut Segar mentah
66.0,14.0,0.0,0.0,Ikan Beunteur
90.0,14.9,2.5,2.1,Ikan biawan segar
88.0,14.2,0.7,6.2,Ikan bili segar
100.0,14.7,2.4,4.9,Ikan bubara segar
134.0,25.5,1.3,5.0,Ikan bulan-bulan segar
204.0,34.2,5.6,1.9,Ikan cakalang asap mentah
120.0,11.3,3.9,10.0,Ikan cakalang hati segar
116.0,11.2,1.2,10.2,Ikan cakalang jantung segar
86.0,10.2,1.1,8.7,Ikan cakalang perut segar
107.0,19.6,0.7,5.5,Ikan cakalang segar
81.0,11.4,1.9,3.8,Ikan calo/ peda mentah
101.0,11.5,4.1,4.6,Ikan daun segar
109.0,17.0,4.0,0.0,Ikan Ekor Kuning
74.0,25.2,1.7,0.0,Ikan Gabus segar
101.0,10.3,3.7,6.7,Ikan hitam segar
57.0,10.7,0.3,2.2,Ikan hiu segar
77.0,15.6,0.9,1.6,Ikan kacangan segar
92.0,20.0,0.7,0.0,Ikan kakap segar
82.0,11.4,1.2,6.4,Ikan kakatua segar
132.0,17.0,6.7,0.8,Ikan kapar segar
162.0,31.7,2.8,0.3,Ikan katombo asin
110.0,12.6,4.2,5.4,Ikan kawalinya segar
103.0,22.0,1.0,0.0,Ikan Kembung
70.0,10.8,0.7,5.2,Ikan kima segar
147.0,17.5,6.5,5.4,Ikan Lais bakar
109.0,22.0,1.7,0.0,Ikan Layang
82.0,18.0,1.0,0.4,Ikan layur segar
90.0,20.4,0.9,0.0,Ikan lehoma segar
112.0,20.0,3.0,0.0,Ikan Lemuru
104.0,15.6,3.2,2.0,Ikan lidah segar
99.0,20.6,1.4,0.9,Ikan malalugis segar
86.0,16.0,2.0,0.0,Ikan Mas
188.0,19.3,12.2,0.0,Ikan Mas goreng
209.0,15.2,11.3,11.8,Ikan Mas pepes
97.0,17.9,2.0,0.4,Ikan mayong segar
121.0,21.7,2.8,0.8,Ikan Mujair pepes
89.0,18.7,1.0,0.0,Ikan Mujair segar
154.0,16.8,5.0,10.5,Ikan nasu metti segar
125.0,21.3,3.4,2.2,Ikan oci kembung segar
152.0,17.6,6.1,6.7,Ikan Papuyu bakar
120.0,14.3,4.9,4.6,Ikan papuyu/ betok segar
144.0,17.5,6.3,4.3,Ikan Patin bakar
132.0,17.0,6.6,1.1,Ikan Patin segar
156.0,28.0,4.0,2.0,Ikan peda banjar mentah
176.0,32.0,4.4,0.0,Ikan Pepetek
157.0,28.0,4.2,1.8,Ikan Pindang banjar mentah
170.0,31.0,4.2,0.0,Ikan Pindang benggol mentah
153.0,30.0,2.8,0.0,Ikan Pindang layang mentah
142.0,27.0,3.0,0.0,Ikan Pindang selar mentah
284.0,34.1,9.9,14.6,Ikan saluang kering mentah
113.0,13.9,4.9,3.4,Ikan saluang segar
240.0,21.7,7.7,20.7,Ikan sanggang masakan
109.0,19.9,1.8,3.4,Ikan sarden segar
113.0,17.0,4.5,0.0,Ikan Segar
138.0,27.0,3.3,0.0,Ikan selar kuning cue mentah
100.0,18.8,2.2,0.0,Ikan selar segar
84.0,15.2,0.6,4.7,Ikan sepat segar
81.0,11.4,1.9,3.8,Ikan sidat segar
199.0,34.1,3.8,7.1,Ikan sunu asin mentah
111.0,13.3,3.4,6.7,Ikan sunu segar
88.0,15.9,0.9,4.1,Ikan tahuman segar
96.0,19.5,1.1,2.0,Ikan tarmon segar
95.0,15.8,0.7,6.5,Ikan telan segar
204.0,16.0,15.0,0.0,Ikan Tembang
101.0,15.1,4.1,1.0,Ikan tempahas segar
98.0,19.6,1.7,1.0,Ikan terbang segar
170.0,33.4,3.0,0.0,Ikan Teri kering
144.0,32.5,0.6,0.0,Ikan Teri Nasi kering
74.0,10.3,1.4,4.1,Ikan teri segar
82.0,17.4,0.4,2.3,Ikan titang segar
100.0,13.7,1.5,8.0,Ikan tongkol segar
96.0,19.2,2.0,0.2,Ikan turi segar
156.0,2.7,1.3,33.3,Jagung grontol
361.0,8.7,4.5,72.4,Jagung Kuning giling
129.0,4.1,1.3,30.3,Jagung Kuning muda
307.0,7.9,3.4,63.6,Jagung Kuning pipil baru
366.0,9.8,7.3,69.1,Jagung kuning pipil kering mentah
355.0,9.2,3.9,73.7,Jagung Kuning pipil lama
154.0,3.8,3.5,28.4,Jagung kuning pipil rebus
140.0,4.7,1.3,33.1,Jagung Kuning segar
355.0,9.2,3.9,73.7,Jagung kuning tepung
35.0,2.2,0.1,7.4,Jagung muda
147.0,5.1,0.7,31.5,Jagung muda kuning mentah
142.0,5.0,0.7,30.3,Jagung muda rebus
367.0,6.2,5.1,76.2,Jagung pipil var. harapan kering
368.0,5.5,4.6,78.0,Jagung pipil var. metro kering
361.0,8.7,4.5,72.4,Jagung Putih giling
129.0,4.1,1.3,30.3,Jagung Putih muda
307.0,7.9,3.4,63.6,Jagung Putih pipil baru
355.0,9.2,3.9,73.7,Jagung Putih pipil lama
140.0,4.7,1.3,33.1,Jagung Putih segar
175.0,1.8,1.8,35.0,Jagung Rebus 
148.9,10.4,10.4,20.1,Jagung Sayur (tumis) 
374.0,9.4,2.2,79.1,Jagung titi
51.0,1.5,1.0,10.1,Jahe
289.0,11.0,4.0,61.0,Jali
239.0,0.5,0.6,64.5,Jam selai
46.0,0.6,0.0,11.8,Jambu Air
49.0,0.9,0.3,12.2,Jambu Biji
61.0,0.9,0.3,15.4,Jambu biji putih tidak berbiji
56.0,0.6,0.3,14.2,Jambu Bol
64.0,0.7,0.6,15.8,Jambu Monyet buah
350.0,6.2,1.4,78.2,Jampang huma mentah
45.0,2.5,3.9,0.0,Jamur Coklat (kulat siau)
296.0,9.4,1.1,62.0,Jamur encik
294.0,16.0,0.9,64.6,Jamur kuping kering
21.0,3.8,0.6,0.9,Jamur kuping segar
30.0,3.5,0.2,4.0,Jamur merang segar
48.0,2.8,4.1,2.9,Jamur Putih (kulat putih)
48.0,1.9,3.2,2.8,Jamur sagu
30.0,1.9,0.1,5.5,Jamur tiram segar
107.0,5.3,2.2,16.5,Jangang bintatoeng masakan
31.0,1.2,0.3,7.1,Jantung Pisang segar
48.0,2.5,4.2,0.0,Jaruk Tigarun
334.0,9.7,3.5,73.4,Jawawut
381.7,9.5,9.5,65.8,Jenang 
192.0,5.4,0.3,40.7,Jengkol segar
48.0,0.6,0.2,12.4,Jeruk Bali
61.0,0.8,0.2,14.1,Jeruk banjar segar
44.0,0.8,0.3,10.9,Jeruk Garut
39.0,0.3,0.3,8.9,Jeruk Kalamansi segar
45.0,0.9,0.2,11.2,Jeruk Manis
37.0,0.8,0.1,12.3,Jeruk Nipis
49.0,0.7,0.2,11.1,Jeruk ragi segar
32.0,1.9,0.3,7.1,Jotang
15.0,15.2,4.3,8.8,Jukku pallu kaloa masakan
130.0,6.7,0.3,25.2,Kabau segar
133.0,1.0,0.2,32.2,Kaburan ubi segar
250.0,2.6,2.5,35.4,Kabuto
356.0,20.5,4.1,61.6,Kacang Andong
330.0,23.8,1.4,60.2,Kacang Arab
341.0,30.4,3.2,51.3,Kacang babi kering
204.0,16.9,8.8,17.5,Kacang Belimbing rebus
212.0,17.5,10.0,12.9,Kacang Belimbing tempe
118.0,4.4,1.5,21.6,Kacang beracun segar
370.0,16.0,6.0,65.0,Kacang bogor kering
161.0,7.7,2.8,27.1,Kacang Bogor rebus
165.0,7.7,3.1,27.4,Kacang bogor segar
331.0,25.0,1.0,58.0,Kacang Endel biji
129.0,12.4,0.7,18.3,Kacang ercis segar
336.0,23.1,1.7,59.5,kacang galing segar
336.0,20.7,1.4,62.0,Kacang Gude biji
316.0,20.7,1.0,58.0,Kacang gude biji kering
114.0,7.0,0.6,20.8,Kacang Gude biji muda
123.0,8.4,0.6,1.8,Kacang Gude muda
147.0,9.0,0.5,27.5,Kacang gude rebus
323.0,22.9,1.5,56.8,Kacang hijau kering
109.0,8.7,0.5,18.3,kacang hijau rebus
350.0,17.1,1.8,70.7,Kacang hijau var. bakti kering
339.0,20.8,2.1,64.6,Kacang hijau var. siwalik kering
346.0,16.6,1.7,66.1,Kacang hitam kering
345.0,22.2,1.2,62.9,Kacang Ijo
445.0,11.0,11.0,65.5,Kacang Kapri Goreng 
98.0,6.7,0.4,17.7,Kacang Kapri muda
286.0,30.2,15.6,30.1,Kacang Kedelai basah
75.0,4.1,2.1,10.7,Kacang Kedelai kukus
189.0,20.2,8.2,12.7,Kacang kedelai rebus
286.0,30.2,15.6,30.1,Kacang kedelai segar
327.0,16.4,4.3,55.8,Kacang komak segar
355.0,17.0,2.5,66.0,Kacang kuning kering
346.0,16.5,1.5,66.6,Kacang lebui /iris kering
22.0,1.1,1.0,3.4,Kacang mekah polong segar
344.0,16.7,2.1,64.6,Kacang mentega kering
336.0,23.1,1.7,59.5,Kacang Merah
350.0,13.9,3.0,66.9,Kacang merah /banda kering
314.0,22.1,1.1,56.2,Kacang merah kering
158.0,10.3,0.9,28.2,Kacang Merah kering rebus
171.0,11.0,2.2,28.0,Kacang merah segar
144.0,10.0,1.0,24.7,Kacang Merah segar rebus
280.0,16.7,1.6,63.2,Kacang merah tua kering
44.0,2.7,0.3,7.8,Kacang Panjang
357.0,17.3,1.5,70.0,Kacang Panjang biji
39.0,3.0,0.6,7.6,Kacang Panjang kukus
150.0,2.5,12.5,7.0,Kacang Panjang tumis
37.0,3.1,0.2,7.9,Kacang ranti polong
331.0,24.4,1.9,56.6,Kacang tolo / tunggak kering
138.0,10.7,1.1,22.6,Kacang tolo rebus
342.0,22.9,1.4,61.6,Kacang Tunggak (tolo)
138.0,10.7,1.1,22.6,Kacang Tunggak rebus
351.0,12.2,1.2,72.9,Kacang tunis kering
358.0,23.4,2.4,60.6,Kacang uci kering
354.0,12.8,1.8,69.3,Kacang urei kering
110.0,4.5,6.9,7.1,Kadada katembe
92.0,20.0,0.7,0.0,Kakap
66.0,2.8,6.8,3.4,Kalakai
163.0,16.5,9.0,4.1,Kalio jeroan masakan
122.0,13.8,5.7,3.9,Kalio kikil (tunjang) masakan
157.0,8.1,8.8,11.4,Kalio otak masakan
193.0,10.6,12.4,9.7,Kalio telur masakan
149.0,16.6,9.2,0.0,Kambing daging segar
164.0,3.0,2.4,32.6,Kambose
29.0,3.0,0.3,5.4,Kangkung
30.0,3.2,0.7,4.7,Kangkung kukus
22.0,2.5,0.6,3.1,Kangkung rebus
43.0,1.8,0.2,8.4,Kangkung tondano
52.0,1.8,3.6,3.0,Kangkung tumis
38.0,2.4,2.0,2.6,Kaparende sayur
42.0,3.3,0.2,9.6,Kapri Muda
41.0,2.0,0.3,7.8,Kapurung
158.0,4.4,3.2,27.8,Kapusa
25.0,2.3,0.2,3.5,Karawila
146.7,5.9,5.9,19.7,Karedok 
92.0,2.2,3.3,14.1,Karedok sayur
292.0,11.2,11.2,2.8,Karoket 
73.0,16.4,0.3,0.0,Katak
275.0,12.6,14.8,54.6,Katul Beras
356.0,9.0,8.5,64.5,Katul Jagung
120.0,3.5,2.5,20.8,Kawista segar
46.0,5.7,1.3,9.0,Kecap
35.0,2.9,0.2,0.8,Kecipir buah muda
32.0,2.9,0.2,5.8,Kecipir muda segar
34.0,0.9,1.0,6.7,Kecombrang segar
47.0,0.5,0.2,10.4,Kedondong segar 
17.0,0.2,0.1,3.8,Kelapa Muda air
68.0,1.0,0.9,14.0,Kelapa Muda daging
180.0,4.0,15.0,10.0,Kelapa Setengah Tua daging
214.0,5.4,5.4,40.2,Kelepon 
111.0,1.5,0.3,27.2,Kelewih
142.0,16.9,7.8,0.0,Kelinci daging segar
48.0,1.0,0.2,11.9,Kemang
44.0,1.8,0.6,9.6,Kembang Turi
83.0,2.0,0.1,19.1,Kentang
142.0,0.9,0.4,33.7,Kentang Hitam
64.0,12.0,1.0,2.0,Keong
151.0,13.8,3.8,14.1,Kepiting
59.0,18.0,1.1,3.6,Kerang
79.0,18.7,0.5,0.0,Kerbau daging segar
137.0,1.3,1.1,29.8,Keribang ubi segar
446.0,2.8,14.5,76.0,Keripik gadung
26.0,1.7,0.4,3.8,Kerokot segar
350.0,0.5,0.2,85.9,Kerupuk Aci
444.0,6.9,14.6,71.3,Kerupuk cumi goreng
342.0,16.0,0.4,65.6,Kerupuk Ikan berpati
325.0,1.8,0.4,78.5,Kerupuk kemplang  (ikan) mentah
356.0,9.7,1.1,76.9,Kerupuk kemplang panggang
345.0,12.0,1.5,71.5,Kerupuk Melinjo mentah
431.0,11.1,16.2,63.0,Kerupuk Melinjo tebal goreng asin
439.0,10.0,16.4,65.7,Kerupuk Melinjo tebal goreng manis
78.0,0.8,0.4,20.0,Kesemek
181.0,4.0,1.2,37.3,Ketan hitam matang
163.0,3.0,0.4,35.7,Ketan putih matang
340.0,11.0,11.0,54.0,Ketapang 
157.0,0.8,0.3,37.9,Ketela Pohon Kuning
154.0,1.0,0.3,36.8,Ketela singkong segar
153.0,1.2,0.3,36.4,Ketela pohon/singkong kukus
12.0,0.7,0.1,2.7,Ketimun
9.0,0.5,0.1,1.9,Ketimun madura segar
153.0,7.9,7.7,13.0,Ketoprak
404.0,14.1,16.1,54.2,Ketumbar
212.0,4.0,4.6,38.6,Ketupat ketan
109.6,2.6,2.6,18.6,Ketupat Tahu 
73.0,16.4,0.3,0.0,Kodok segar
86.0,1.6,0.2,13.0,Kokosan
99.0,3.3,0.1,21.2,Komak polong segar
25.0,2.4,0.2,4.9,Kool Kembang
24.0,1.4,0.2,5.3,Kool Merah kool putih
352.0,17.4,1.3,69.0,Kopi bagian yang larut
129.0,12.3,0.5,35.0,Kopi bubuk instant
356.0,20.5,4.1,61.6,Koro andong kering
332.0,24.0,3.0,55.0,Koro Benguk biji
141.0,10.2,1.3,23.2,Koro Benguk tempe
125.0,8.3,0.7,22.1,Koro Kerupuk biji
33.0,2.7,0.2,7.9,Koro Loke biji
344.0,12.5,2.1,69.4,Koro Roway biji
338.0,22.2,1.5,61.0,Koro Wedus biji
38.0,3.0,0.3,7.9,Koro Wedus buah muda
46.0,3.0,0.3,7.9,Koro wedus polong
46.0,2.2,1.5,6.0,Kotiu hinela tawang nggole
366.0,4.2,4.3,77.5,Koya
370.0,8.0,1.0,82.2,Koya mirasa
315.0,2.1,1.4,73.5,Kranji segar
21.0,1.7,0.4,3.8,Krokot
45.0,2.2,0.3,10.3,Kucai
42.0,3.8,0.6,7.8,Kucai Muda (Lokio)
113.0,18.1,4.1,0.9,Kuda daging segar
186.7,1.6,1.6,39.6,Kue Apem 
338.0,1.5,1.2,80.3,Kue bangket
240.0,1.0,4.0,54.0,Kue Bugis 
425.0,1.6,8.8,84.6,Kue jahe
366.0,4.2,4.3,7.9,Kue Koya 
291.0,3.6,11.1,44.1,Kue lumpur
182.0,1.0,1.0,40.4,Kue mangkok 
126.7,0.7,0.7,57.3,Kue Pacar Cina 
296.0,1.4,1.4,66.4,Kue Pia 
304.0,5.3,7.0,54.9,Kue putu cangkir
217.0,1.2,0.5,53.2,Kue putu singkong
393.3,2.7,2.7,79.3,Kue Satu 
221.0,7.5,10.2,24.8,Kue sus
180.0,5.0,5.0,32.0,Kue Talam 
247.0,2.9,4.2,49.5,Kue thipan
111.0,4.5,1.1,20.7,Kulit melinjo
22.0,0.4,0.2,4.7,Kundur segar
63.0,2.0,2.7,9.1,Kunyit
83.0,19.1,0.2,0.0,Kura-kura
17.0,0.6,0.2,3.8,Labu Air
51.0,1.7,0.5,10.0,Labu kuning segar
26.0,0.6,0.1,6.7,Labu Siam
32.0,1.1,0.1,6.6,Labu waluh segar
166.3,2.7,3.9,29.5,Laksa 
85.0,5.7,0.3,15.4,Lamtoro (pete cina) biji muda
148.0,10.6,0.5,26.2,Lamtoro biji tua
142.0,11.0,2.5,20.4,Lamtoro tempe
336.0,23.8,1.2,59.7,Lamtoro var. lokal dengan kulit
56.0,0.9,0.2,14.3,Langsat
34.0,2.2,0.3,5.5,Lantar segar
422.0,0.9,10.8,80.4,Lanting getuk
389.0,6.6,15.7,55.5,Lapis legit
174.0,17.0,10.0,3.0,Lawar babi masakan
141.0,23.0,1.5,7.6,Lawar penyu masakan
159.0,5.0,10.9,10.1,Lawara jangang masakan
207.0,7.4,15.4,9.6,Lawara penjah masakan
405.0,4.8,5.1,84.9,Ledre pisang
15.0,1.0,0.4,1.9,Lema/ Rebung asam
34.0,0.5,0.8,6.2,Lemon segar
36.0,0.0,0.0,10.0,Lemon Squasih
30.0,0.0,0.0,8.0,Lemonade
221.3,3.8,3.6,43.4,Lemper 
320.0,3.5,5.7,63.7,Lempog durian
181.0,2.8,1.2,39.8,Lepok/Ubi rumput
33.0,1.9,0.1,7.4,Leunca buah
240.0,7.8,0.5,51.3,Leupeut Ketan 
79.0,2.3,5.2,5.8,Lilin bungkus gedi
19.0,0.9,0.1,4.2,Lobak
217.0,11.0,1.7,5.1,Lokan segar
27.0,0.4,0.2,6.0,Lontar segar
163.3,2.8,2.2,33.0,Lopis 
38.0,1.1,0.3,7.6,Lumai/Leunca segar
164.0,1.8,2.1,34.5,Lupis ketan
294.0,0.3,0.0,79.5,Madu
341.0,0.3,0.0,85.0,Maizena tepung
363.0,8.7,0.4,78.7,Makaroni
63.0,2.4,0.4,12.4,Mangga benggala segar
44.0,0.7,0.2,11.2,Mangga Gedong
63.0,0.5,0.2,16.7,Mangga Golek
46.0,0.4,0.2,11.9,Mangga Harum Manis
72.0,0.8,0.2,18.7,Mangga Indramayu
56.0,0.4,0.2,14.6,Mangga Kopek
86.0,0.7,0.5,19.8,Mangga kwini segar
133.0,1.0,0.1,32.1,Mangga manalagi segar
59.0,0.5,0.4,15.1,Mangga Muda
52.0,0.7,0.0,12.3,Mangga segar
63.0,0.6,0.6,15.6,Manggis
144.0,3.5,1.2,29.8,Markisa segar
217.0,2.5,1.0,49.6,Markisa squash
104.0,1.2,0.5,23.7,Markisa squash BD
265.3,4.7,5.5,49.3,Martabak  manis
153.0,4.5,4.2,24.3,Martabak india
278.0,5.1,8.6,45.0,Martabak mesir
200.0,8.9,5.1,29.5,Martabak Telur 
369.0,2.1,7.0,74.1,Masekat
90.0,1.2,0.1,21.1,Matoa segar
276.0,0.0,0.1,71.0,Melase
66.0,5.0,0.7,13.3,Melinjo
37.0,0.6,0.4,7.8,Melon segar
65.0,1.7,0.2,16.1,Menteng
359.0,11.5,6.8,64.4,Merica
88.0,0.6,3.3,14.0,Mi basah
71.0,0.2,0.8,15.9,Mi golosor
339.0,10.0,1.7,6.3,Mi kering
113.0,3.0,3.2,18.1,Mie aceh rebus
102.0,6.2,3.9,10.5,Mie ayam
114.0,5.3,3.0,16.4,Mie bakso
86.0,0.6,3.3,14.0,Mie basah
102.0,3.0,2.1,17.8,Mie celon
337.0,7.9,11.8,50.0,Mie kering
105.0,5.9,4.9,9.4,Mie pangsit basah
190.0,0.2,0.4,46.5,Mie Sagu
345.0,8.5,2.2,78.0,Misoa
218.0,0.8,16.0,50.2,Misro 
128.0,8.0,10.0,1.3,Moon tahu
33.0,2.3,0.5,4.7,Mostarda metan -sawi
52.0,0.4,0.2,13.7,Nanas
58.0,0.7,0.2,13.3,Nanas palembang segar
165.0,4.2,0.1,36.7,Nangka biji
106.0,1.2,0.3,27.6,Nangka masak di pohon
51.0,2.0,0.4,11.3,Nangka Muda
180.0,3.0,0.3,39.8,Nasi
149.0,2.8,0.4,32.5,Nasi beras merah
192.0,3.8,8.8,24.4,Nasi gemuk
276.0,3.2,3.2,30.2,Nasi Goreng 
190.0,4.7,7.5,26.0,Nasi gurih
357.0,8.8,0.5,79.5,Nasi jagung
207.0,3.5,5.0,37.1,Nasi minyak
155.0,10.3,4.2,19.1,Nasi rames
120.0,2.4,0.4,26.0,Nasi tim
196.0,14.5,8.3,15.9,Nasu likku masakan
387.0,5.3,7.6,74.3,Nopia spesial
9.0,2.1,6.0,7.1,Olah-olah
187.0,13.0,6.0,22.6,Oncom
376.0,14.9,6.0,65.7,Oncom ampas kacang hijau
284.0,12.0,14.4,13.6,Oncom Hitam Goreng 
351.0,11.0,5.3,65.9,Oncom kacang hijau + singkong
132.0,12.7,3.8,13.7,Oncom Kacang Tanah pepes
187.0,13.0,6.0,22.6,Oncom Kedele
40.0,2.0,2.0,3.0,Oncom Merah Sayur (tumis) 
76.0,5.2,1.8,10.6,Oncom pepes
288.6,8.3,8.9,44.3,Onde-onde 
115.0,1.5,6.0,14.0,Ongol-ongol 
111.0,0.3,2.7,21.2,Ongol-ongol sagu
117.0,13.7,5.0,4.3,Oramu ninahu ndawa olaho masakan
125.0,10.4,8.6,0.8,Otak
351.0,0.9,0.9,84.9,Oyek
342.0,2.3,0.1,83.1,Oyek (dari singkong)
77.0,3.5,4.6,5.4,Paku hinela wulelenggapaya
42.0,0.3,0.2,10.9,Pala daging
133.8,3.0,1.6,27.0,Papais 
61.0,0.2,0.1,14.9,Papeda
87.0,10.5,2.5,5.5,Parede baleh masakan
29.0,1.1,0.3,6.6,Paria (Pare)
16.0,0.8,0.2,3.4,Paria Putih kukus
19.0,1.0,0.4,3.6,Paria putih segar
307.0,4.5,13.3,42.4,Pastel
362.0,0.5,0.3,86.9,Pati Singkong (tapioka)
23.0,1.8,0.3,4.5,Pe-Cay
156.0,28.0,4.0,0.0,Peda Ikan Banjar
75.0,2.5,2.8,10.0,Pelecing kangkung
219.0,19.7,13.6,4.4,Pelepah manuk masakan
162.0,4.9,3.0,27.8,Pempek adaan
156.0,4.2,1.4,31.6,Pempek belida
152.0,4.5,2.3,28.2,Pempek kapal selam
211.0,12.3,6.1,26.6,Pempek kelesan
243.0,5.2,7.3,39.1,Pempek kulit
173.0,7.2,1.2,33.4,Pempek tenggiri
174.0,13.1,12.2,2.2,Penyu serapah masakan
19.0,0.6,0.1,3.9,Pepare ular segar
275.0,11.6,11.6,30.2,Pepaya lodeh
26.0,2.1,0.1,4.9,Pepaya Muda
46.0,0.5,12.0,12.2,Pepaya segar
76.0,5.2,1.8,10.6,Pepea oncom ampas tahu
142.0,10.4,2.0,22.0,Pete Segar
50.0,3.7,1.0,9.0,Peterseli
161.0,20.0,0.2,24.0,Petis Ikan
220.0,15.0,0.1,40.0,Petis Udang
345.0,23.8,1.4,59.3,Petis udang kering
220.0,15.0,0.9,38.0,Petis udang pasta
107.0,15.9,0.6,0.4,Pinda masakan
157.0,28.0,4.2,0.0,Pindang Ikan Banjar
170.0,31.0,4.2,0.0,Pindang Ikan Benggol
153.0,30.0,2.8,0.0,Pindang Ikan Layang
142.0,27.0,3.0,0.0,Pindang Ikan Selar Kecil
124.0,9.5,9.6,0.0,Pindang kenari masakan
99.0,1.2,0.2,25.8,Pisang Ambon
68.0,1.3,0.2,17.2,Pisang angleng (pisang ampyang) segar
120.0,1.1,0.2,26.8,Pisang ayam segar
127.0,2.1,0.3,31.1,Pisang gapi segar 
220.0,2.3,2.3,6.3,Pisang Goreng 
115.0,1.9,0.2,27.9,Pisang goroho segar
117.0,2.0,0.3,28.9,Pisang hijau segar
100.0,1.4,0.5,23.6,Pisang kayu segar
109.0,0.8,0.5,26.3,Pisang kepok segar
145.0,1.1,0.3,34.5,Pisang ketip segar
96.0,1.0,0.2,22.5,Pisang kidang segar
99.0,1.3,0.2,25.6,Pisang Lampung
127.0,1.4,0.2,33.6,Pisang Mas
127.0,1.4,0.2,31.8,Pisang mas bali
134.0,1.1,0.5,35.5,Pisang Oli
120.0,1.2,0.2,31.8,Pisang Raja
118.0,1.2,0.2,31.1,Pisang Raja Sere (Susu)
98.0,1.3,1.2,20.5,Pisang rotan segar
625.0,1.0,0.0,8.1,Pisang Siam goreng
113.0,1.2,0.2,26.7,Pisang talas segar
45.0,2.2,0.3,10.3,Prey (bawang daun)
33.0,4.5,0.4,2.8,Pucuk lumai/daun leunca segar
216.0,2.6,3.1,44.4,Pulut
224.0,26.2,11.3,4.4,Punai daging goreng
104.0,1.9,4.1,15.1,Pundut nasi
25.0,1.5,0.5,3.6,Purundawa
76.0,4.1,1.1,15.2,Purut segar
76.0,3.6,0.3,14.6,Putri malu segar
163.0,2.2,6.5,23.8,Putri selat
200.0,1.0,2.4,43.8,Putu Mayang 
76.0,12.1,2.0,2.4,Rajungan segar
69.0,0.9,0.1,18.1,Rambutan
11.0,0.0,0.0,2.7,Rambutan Aceh
76.0,0.5,0.2,18.0,Rambutan binjai segar
4.0,0.0,0.0,0.9,Rambutan sinyonya
295.0,7.3,8.5,47.5,Rarawuan 
394.0,2.2,8.8,76.6,Rasbi (Beras Ubi)
350.0,0.9,0.4,85.7,Rasi (Beras Singkong)
60.0,5.4,2.5,4.0,Rawon masakan
81.0,16.2,1.2,0.7,Rebon (udang kecil segar)
299.0,29.4,3.6,3.2,Rebon kering
81.0,16.2,1.2,0.7,Rebon udang kecil segar
27.0,0.6,0.3,5.2,Rebung
320.0,7.2,4.2,63.3,Rebung laut mentah
193.0,22.6,7.9,7.8,Rendang sapi masakan
75.0,1.6,0.6,15.8,Rimbang segar
335.0,5.3,3.5,70.5,Risoles 
341.0,5.5,16.2,43.3,Roti boong
350.0,7.5,2.0,75.5,Roti Gambang 
248.0,8.0,1.2,50.0,Roti Putih
249.0,7.9,1.5,49.7,Roti warna sawo matang
153.0,11.3,8.4,8.0,Rujak cingur
41.0,1.4,0.3,8.1,Rumput laut
110.0,11.5,2.0,11.7,Rusip
198.0,24.6,10.7,0.9,RW anjing masakan
338.0,0.6,0.3,83.1,Sagu Ambon 
355.0,0.6,1.1,85.6,Sagu aren kering
231.0,0.6,0.2,56.6,Sagu aren segar
291.0,0.5,4.0,63.4,Sagu forno
230.0,0.6,0.2,56.5,Sagu kasbi segar
452.0,2.8,14.8,76.8,Sagu Lemak (Kue Sagon)
347.0,0.9,0.3,85.2,Sagu lempeng
362.0,0.5,0.3,86.9,Sagu singkong kering
354.0,0.8,8.3,68.9,Sagu sinole
57.0,0.5,0.1,13.6,Salak bali segar
55.0,0.4,0.2,12.8,Salak medan segar
87.0,0.8,0.4,20.1,Salak pondoh segar
281.0,2.4,0.7,66.1,Sale pisang siam
122.0,2.0,10.0,7.6,Santan (dengan air)
98.0,2.0,0.4,24.5,Saos Tomat
212.0,18.0,10.6,59.3,Sapi abon
108.0,17.6,4.2,0.0,Sapi babat segar
182.0,32.0,6.0,0.0,Sapi daging asap
174.0,19.6,10.0,0.0,Sapi daging kurus segar
201.0,18.8,14.0,0.0,Sapi daging lemak sedang segar
183.0,12.0,14.4,1.4,Sapi daleman segar
98.0,21.9,1.1,0.0,Sapi dideh/darah
137.0,15.0,8.1,0.9,Sapi ginjal segar
84.0,10.5,4.6,0.2,Sapi keleponan segar
132.0,19.7,3.2,6.0,Sapi liver segar
123.0,10.4,8.6,0.8,Sapi otak segar
268.0,23.9,12.7,14.5,Sapi paru goreng
126.0,14.0,7.2,1.5,Sapi usus segar
166.0,2.3,2.8,32.9,Sarimuka
283.0,12.1,16.8,20.9,Sate Bandeng
110.0,15.5,0.5,11.5,Sate Kulit 
179.0,22.5,3.5,13.3,Sate penyu masakan
126.7,14.0,7.3,1.3,Sate Usus 
22.0,2.3,0.3,4.0,Sawi
9.0,1.0,0.1,1.7,Sawi putih / pecai segar
30.0,1.9,0.5,4.4,Sawi taiwan segar
19.0,1.3,0.2,2.9,Sawi tanah segar
92.0,0.5,1.1,22.4,Sawo
64.0,1.0,3.1,8.0,Sawo duren segar
111.0,0.9,2.3,21.6,Sawo kecik segar
92.0,0.5,1.1,22.4,Sawo Manila segar
29.0,0.7,0.6,5.0,Sayur asem
49.0,1.7,0.3,9.8,Sayur bunga pepaya
178.0,2.6,13.9,10.6,Sayur garu
133.0,7.3,6.6,11.2,Sayur kohu-kohu
64.0,2.1,0.6,12.5,Sayur lebui
36.0,2.7,0.7,4.8,Sayur lilin-terubuk
49.0,3.1,2.5,3.6,Sayur ndusuk
27.0,1.3,2.0,1.0,Sayur sop
67.0,5.2,2.9,5.1,Sayur umbut kelapa
57.0,5.4,2.6,3.1,Sayur umbut rotan
15.0,1.2,0.2,2.9,Selada
17.0,1.7,0.3,3.0,Selada Air
19.0,2.7,0.2,2.9,Selada Air rebus
20.0,1.0,0.1,4.6,Seledri
28.0,0.5,0.2,6.9,Semangka
192.5,4.5,6.0,30.3,Semur Jengkol 
64.0,0.6,0.3,14.8,Sente
353.0,0.7,0.2,84.7,Sente talas segar
88.0,7.9,1.6,10.6,Sepi masakan
213.0,0.0,0.0,55.0,Setrup sirup
88.0,3.2,8.0,0.8,Shabu-shabu
81.0,5.1,4.5,5.1,Singkah (rotan muda)
146.0,1.2,0.3,34.7,Singkong kukus
173.0,0.5,0.1,42.5,Singkong tape
95.3,4.4,2.2,14.4,Siomay 
65.0,1.0,0.3,16.3,Sirsak
213.0,0.0,0.0,55.0,Sirup
71.0,7.5,3.6,2.2,Sop buntut masakan
49.0,5.8,0.5,5.3,Sop daging sapi masakan
68.0,9.0,1.9,3.7,Sop kaki sapi masakan
34.0,5.5,0.8,1.1,Sop kambing masakan
71.0,7.4,2.6,4.5,Sop konro masakan
12.0,0.5,0.1,2.0,Sop Kool
15.0,0.6,0.1,3.1,Sop Kool dan Wortel
89.0,7.2,5.0,3.9,Sop saudara masakan
42.0,3.9,1.7,2.8,Soto bandung masakan
110.0,2.9,9.5,3.2,Soto banjar masakan
135.0,2.5,8.8,11.5,Soto betawi masakan
127.5,2.6,9.4,8.3,Soto dengan Daging
92.0,11.8,4.3,1.4,Soto jeroan masakan
38.0,2.6,2.3,1.8,Soto kudus masakan
60.0,3.5,4.5,1.3,Soto madura masakan
127.0,5.9,6.6,11.0,Soto padang masakan
94.0,3.0,6.8,5.1,Soto pekalongan masakan
75.0,3.6,5.2,3.5,Soto pemalang masakan
80.0,3.2,3.5,9.0,Soto sukaraja masakan
86.0,2.3,8.5,0.0,Soto sulung masakan
117.1,0.4,8.6,9.6,Soto tanpa Daging 
139.0,7.4,2.1,22.6,Spaghetti
101.0,1.7,0.6,35.2,Srikaya
75.0,5.6,0.4,12.2,Sukiyaki masakan
119.0,1.4,0.2,28.1,Sukun muda segar
126.0,1.6,0.2,24.5,Sukun tua segar
418.0,19.0,9.0,65.5,Susu asam untuk bayi bubuk
64.0,4.3,2.3,6.6,Susu Kambing
41.0,3.5,2.5,5.0,Susu Kedelai
336.0,8.2,10.0,55.0,Susu Kental Manis
138.0,7.0,7.9,9.9,Susu Kental Tak Manis
160.0,6.3,12.0,7.1,Susu Kerbau
61.0,3.2,3.5,4.3,Susu Sapi
36.0,3.5,0.1,5.1,Susu Skim (tak berlemak)
36.0,3.5,0.1,5.1,Susu skim segar
87.0,5.3,5.2,6.3,Susupan
90.0,1.5,0.1,21.9,Suweg kukus
69.0,1.0,0.1,15.7,Suweg mentah
74.0,1.4,0.1,17.2,Suweg talas segar
347.0,0.5,0.9,84.2,Suwir-suwir
68.0,7.8,4.6,1.6,Tahu
115.0,9.7,8.5,2.5,Tahu goreng
148.0,13.8,8.5,4.0,Takwa
120.0,1.5,0.3,28.2,Talas bogor kukus
163.0,2.3,0.5,36.4,Talas pontianak segar
115.0,1.8,0.5,25.9,Talas viqueque segar
120.0,1.5,0.3,28.2,Tales kukus
98.0,1.9,0.2,23.7,Tales mentah
166.0,10.4,4.9,24.1,Taoco
88.0,3.2,2.1,14.0,Taoge goreng
76.0,9.0,2.6,6.4,Taoge kacang kedelai segar
28.0,3.0,0.8,4.0,Taoge seduh
34.0,3.7,1.2,4.3,Taoge segar
104.0,12.9,6.8,1.2,Taokoa
99.0,1.7,0.3,22.4,Tapai beras
166.0,3.8,1.0,34.4,Tapai ketan hitam
172.0,3.0,0.5,37.5,Tapai ketan putih
169.0,1.4,0.3,40.2,Tapai singkong
358.0,7.5,4.3,70.4,Tauco cap DAS cake
277.0,9.1,4.7,49.6,Tauji cap singa
25.0,4.6,0.4,3.0,Tebu Terubuk
83.0,10.4,3.4,2.8,Tedong pallu basa masakan
132.0,19.5,0.7,67.8,Teh
300.0,28.3,4.8,53.6,Teh hijau daun kering
299.0,24.1,3.5,59.0,Teh melati daun kering
34.0,2.0,0.1,7.9,Tekokak
294.0,8.3,1.7,72.6,Tekokak kering
53.0,1.9,0.9,9.4,Tekwan
162.0,12.8,11.5,0.7,Telur Ayam
50.0,10.8,0.0,0.8,Telur Ayam bagian putih
179.0,13.6,13.3,4.4,Telur ayam kampung 
54.0,11.0,0.0,0.8,Telur Bebek bagian putih
54.0,11.0,0.0,0.8,Telur bebek bagian putih segar
187.0,10.9,12.4,7.9,Telur bebek tambak segar
195.0,13.6,13.6,1.4,Telur Bebek telur asin
116.0,10.7,7.0,1.6,Telur burung puyuh segar
144.0,12.0,10.2,0.0,Telur Penyu
119.0,4.4,3.5,18.3,Tempe bongkrek
73.0,5.7,1.3,4.2,Tempe Gembus
76.0,6.8,0.7,10.6,Tempe gembus yogya
139.0,12.5,0.8,21.9,Tempe kacang babi
212.0,17.5,10.0,12.9,Tempe kacang belimbing
143.0,12.0,5.5,11.4,Tempe kedelai + jagung
201.0,20.8,8.8,13.5,Tempe kedelai murni mentah
141.0,10.2,1.3,23.2,Tempe koro benguk
146.0,11.7,2.3,19.6,Tempe lamtoro var. gung dengan kulit
131.0,18.0,0.8,13.0,Tempe lamtoro var. gung tanpa kulit
150.0,14.0,7.7,9.1,Tempe pasar segar
240.0,6.0,2.7,49.3,Tempe Sayur 
110.0,1.7,1.3,21.9,Tempoya
126.0,1.1,2.2,25.7,Tempuyak
355.0,0.7,0.2,85.2,Tepung Arrowroot
364.0,7.0,0.5,80.0,Tepung Beras
353.0,7.0,0.5,80.0,Tepung beras mentah
353.0,0.8,1.7,83.6,Tepung Ganyong
355.0,0.7,0.2,85.2,Tepung Garut (arrowroot)
364.0,4.5,1.0,83.5,Tepung Hunkwee
355.0,9.2,3.9,73.7,Tepung Jagung Kuning
355.0,9.2,3.9,73.7,Tepung jagung putih
388.0,19.0,7.5,61.2,Tepung Jalejo
347.0,0.3,0.1,85.6,Tepung Kentang
350.0,1.2,0.6,85.0,Tepung Mocaf
338.0,2.9,0.4,80.6,Tepung Pisang
353.0,0.7,0.2,84.7,Tepung Sagu
326.0,4.0,0.4,76.7,Tepung Sente
353.0,2.9,0.5,84.4,Tepung Sukun
418.0,19.0,9.0,65.5,Tepung Susu Asam untuk bayi
332.0,5.7,0.6,76.1,Tepung Tales Beneng
365.0,8.9,1.3,77.3,Tepung Terigu
354.0,2.8,0.6,84.4,Tepung Ubi Ungu
155.0,22.3,2.9,9.9,Terasi
191.0,33.1,3.6,6.6,Terasi dobo
174.0,30.0,3.5,3.5,Terasi Merah
174.0,30.0,3.5,5.6,Terasi merah
24.0,1.1,0.2,5.5,Terong
39.0,2.3,1.9,2.0,Terong Asam
48.0,1.5,0.3,11.3,Terong Belanda
45.0,1.9,0.8,7.5,Terong hintalo segar
23.0,1.8,0.1,4.9,Terong kukus
28.0,1.1,0.2,5.5,Terong segar
52.0,2.1,1.1,8.6,Terung belanda segar
52.0,1.1,0.4,11.2,Terung bengkulu segar
25.0,2.1,0.1,5.3,Terung panjang
23.0,1.8,0.1,4.9,Terung panjang kukus
59.0,2.9,0.3,13.9,Tespong daun
120.0,2.4,0.4,26.0,Tim (nasi tim)
33.0,1.2,1.3,4.1,Tinira ninahu nggaluku
355.0,6.2,1.2,79.8,Tipa-tipa
353.0,2.4,1.1,83.4,Tiwul  
395.0,3.2,8.5,76.5,Tiwul Instan
93.6,4.4,1.8,15.1,Toge Goreng 
23.0,2.9,0.2,4.1,Toge kacang ijo
35.0,5.0,0.2,5.8,Toge kacang tunggak
67.0,9.0,2.6,6.4,Toge kedelai
28.0,3.0,0.8,4.0,Toge seduh
20.0,1.0,0.2,3.5,Tomat air (juice) segar
20.0,1.0,0.3,4.2,Tomat Masak
24.0,1.3,0.5,4.7,Tomat merah segar
24.0,2.0,0.7,3.3,Tomat muda segar
189.0,11.3,15.7,0.6,Tumis bandeng
48.0,1.4,4.2,2.6,Tumis bayam bersantan
186.0,1.9,0.2,44.3,Ubi Cilembu
160.0,3.7,1.3,55.3,Ubi Jalar Goreng 
100.0,0.7,0.3,23.8,Ubi jalar kuning kukus
119.0,0.5,0.4,25.1,Ubi jalar kuning segar
83.0,1.5,0.2,18.8,Ubi jalar manis segar
123.0,1.8,0.7,27.9,Ubi Jalar Merah
151.0,1.6,0.3,35.4,Ubi jalar merah segar
123.0,1.8,0.7,27.9,Ubi Jalar Putih
114.0,1.4,9.6,25.6,Ubi Jalar Rebus
184.0,1.4,0.3,22.5,Ubi Jalar Sayur
108.0,0.5,0.4,25.6,Ubi jalar tinta/ kemayung
165.0,0.9,0.2,39.8,Ubi jalar tinta/ kemayung kukus
82.0,5.8,1.3,11.7,Uceng/ bunga melinjo segar
56.0,11.4,0.6,1.2,Udang besar segar
81.0,16.5,0.3,3.0,Udang galah segar
91.0,21.0,0.2,0.1,Udang segar
120.0,2.8,0.5,82.3,Umbi Uwi segar
34.0,2.4,0.3,5.5,Umbut rotan
130.0,14.0,7.2,1.5,Usus Sapi
101.0,2.0,0.2,19.8,Uwi
363.0,8.7,0.4,78.7,Vermicelli
303.0,6.3,2.7,63.3,Wajit camilan
45.0,0.8,0.9,8.1,Waluh balamak
424.0,1.3,10.7,80.7,Widaran
355.0,3.2,15.1,51.4,Wingko babat
143.0,3.1,7.8,15.0,Woku ubi
42.0,1.2,0.6,9.3,Wortel Segar
37.0,1.0,0.6,8.3,Wortel kukus
28.0,0.7,0.5,6.3,Wortel rebus
254.0,3.0,1.1,58.1,Yangko
52.0,3.3,2.5,4.0,Yoghurt
